{
  "nodes": {
    "nano-banana-pro-image-generate#1": {
      "contentWidth": 454.7046714556558,
      "rfNode": {
        "position": {
          "x": 230.8463275251953,
          "y": -570.5006987045435
        }
      },
      "sections": {
        "inputs": {
          "collapsed": {
            "prompt": {
              "[]": true
            }
          }
        }
      }
    },
    "prompt-editor#1": {
      "contentWidth": 524.4939636617046,
      "rfNode": {
        "position": {
          "x": -428.52237822469107,
          "y": -1121.823792644647
        }
      },
      "sections": {
        "inputs": {
          "collapsed": {
            "name": {
              "[]": true
            },
            "decorations": {
              "[]": true
            }
          }
        }
      }
    },
    "+condition#1": {
      "rfNode": {
        "position": {
          "x": -1593.0056764661708,
          "y": -1308.2860880411877
        }
      }
    },
    "+condition#2": {
      "rfNode": {
        "position": {
          "x": -1593.0056764661708,
          "y": -578.6057846604081
        }
      }
    },
    "+javascript#1": {
      "contentWidth": 450,
      "rfNode": {
        "position": {
          "x": 1000.0228423796134,
          "y": 28.473376755103857
        }
      },
      "sections": {
        "scriptlet": {
          "cardCollapsed": true
        }
      }
    },
    "+value#2": {
      "contentWidth": 522.6691618425389,
      "rfNode": {
        "position": {
          "x": -428.52237822469107,
          "y": -1646.3246032626428
        }
      }
    },
    "prompt-editor#6": {
      "rfNode": {
        "position": {
          "x": -1088.7573406579036,
          "y": -1060.8823523647347
        }
      }
    },
    "prompt-editor#7": {
      "rfNode": {
        "position": {
          "x": -1040.8051788635805,
          "y": -1509.3166727329512
        }
      }
    },
    "prompt-editor#2": {
      "rfNode": {
        "position": {
          "x": -1018.8014939132703,
          "y": -475.47835762716005
        }
      }
    }
  },
  "pseudoNodes": {
    "input": {
      "rfNode": {
        "position": {
          "x": -2054.0318444564627,
          "y": -852.7554319016865
        }
      }
    },
    "output": {
      "rfNode": {
        "position": {
          "x": 1000.0228423796134,
          "y": -237.50069870454357
        }
      }
    }
  }
}